Price,Close,High,Low,Open,Volume
Ticker,^NSEI,^NSEI,^NSEI,^NSEI,^NSEI
2015-11-16,7856.5498046875,7906.9501953125,7725.0498046875,7848.75,573100
2015-11-23,7942.7001953125,7959.2998046875,7812.64990234375,7869.5,627700
2015-11-30,7781.89990234375,7979.2998046875,7775.7001953125,7936.25,759400
2015-12-07,7610.4501953125,7825.39990234375,7575.2998046875,7816.5498046875,721300
2015-12-14,7761.9501953125,7852.89990234375,7551.0498046875,7558.2001953125,804800
2015-12-21,7861.0498046875,7888.75,7733.4501953125,7745.64990234375,463400
2015-12-28,7946.35009765625,7955.5498046875,7863.0,7863.2001953125,493600
2016-01-04,7601.35009765625,7937.5498046875,7556.60009765625,7924.5498046875,773300
2016-01-11,7437.7998046875,7605.10009765625,7425.7998046875,7527.4501953125,966400
2016-01-18,7422.4501953125,7470.89990234375,7241.5,7420.35009765625,1117400
2016-01-25,7563.5498046875,7575.64990234375,7402.7998046875,7468.75,924000
2016-02-01,7489.10009765625,7600.4501953125,7350.2998046875,7589.5,1095100
2016-02-08,6980.9501953125,7512.5498046875,6869.0,7489.7001953125,1256700
2016-02-15,7210.75,7226.85009765625,6960.64990234375,7057.35009765625,1307000
2016-02-22,7029.75,7252.39990234375,6961.39990234375,7208.85009765625,1038300
2016-02-29,7485.35009765625,7505.89990234375,6825.7998046875,7050.4501953125,1647300
2016-03-07,7510.2001953125,7547.10009765625,7424.2998046875,7486.39990234375,925500
2016-03-14,7604.35009765625,7613.60009765625,7405.14990234375,7542.60009765625,1033000
2016-03-21,7716.5,7728.2001953125,7617.7001953125,7619.2001953125,605300
2016-03-28,7713.0498046875,7777.60009765625,7582.25,7741.0,1255800
2016-04-04,7555.2001953125,7764.4501953125,7526.7001953125,7733.14990234375,902700
2016-04-11,7850.4501953125,7864.7998046875,7516.85009765625,7577.7998046875,563600
2016-04-18,7899.2998046875,7978.4501953125,7842.75,7908.14990234375,796900
2016-04-25,7849.7998046875,7992.0,7788.7001953125,7894.7998046875,1091700
2016-05-02,7733.4501953125,7890.25,7678.35009765625,7822.7001953125,881200
2016-05-09,7814.89990234375,7916.0498046875,7753.5498046875,7755.25,868900
2016-05-16,7749.7001953125,7940.10009765625,7735.75,7831.2001953125,872400
2016-05-23,8156.64990234375,8164.2001953125,7715.7998046875,7813.9501953125,1020400
2016-05-30,8220.7998046875,8262.0,8134.2998046875,8166.5,1473500
2016-06-06,8170.0498046875,8294.9501953125,8162.85009765625,8228.75,944900
2016-06-13,8170.2001953125,8213.2001953125,8063.89990234375,8102.25,840800
2016-06-20,8088.60009765625,8285.599609375,7927.0498046875,8115.75,893400
2016-06-27,8328.349609375,8356.75,8039.35009765625,8039.35009765625,924800
2016-07-04,8323.2001953125,8398.4501953125,8287.5498046875,8376.75,586600
2016-07-11,8541.400390625,8594.7998046875,8407.0498046875,8413.349609375,904500
2016-07-18,8541.2001953125,8587.099609375,8476.7001953125,8564.0498046875,785700
2016-07-25,8638.5,8674.7001953125,8517.2001953125,8519.9501953125,879400
2016-08-01,8683.150390625,8711.2998046875,8518.150390625,8654.2998046875,843400
2016-08-08,8592.150390625,8728.349609375,8540.0498046875,8712.849609375,735500
2016-08-15,8666.900390625,8696.599609375,8600.4501953125,8670.25,755100
2016-08-22,8572.5498046875,8684.849609375,8547.5498046875,8667.0,850000
2016-08-29,8809.650390625,8824.099609375,8543.75,8583.75,1072500
2016-09-05,8866.7001953125,8968.7001953125,8848.4501953125,8852.7001953125,878800
2016-09-12,8779.849609375,8847.650390625,8688.900390625,8732.9501953125,780000
2016-09-19,8831.5498046875,8893.349609375,8757.2998046875,8788.4501953125,775700
2016-09-26,8611.150390625,8809.5498046875,8555.2001953125,8807.900390625,1035500
2016-10-03,8697.599609375,8806.9501953125,8635.0,8666.150390625,792800
2016-10-10,8583.400390625,8745.7998046875,8541.349609375,8735.349609375,483500
2016-10-17,8693.0498046875,8727.0,8506.150390625,8612.9501953125,904400
2016-10-24,8638.0,8736.9501953125,8550.25,8709.849609375,984500
2016-10-31,8433.75,8669.599609375,8400.25,8653.150390625,715600
2016-11-07,8296.2998046875,8598.4501953125,8002.25,8535.75,1212800
2016-11-14,8074.10009765625,8288.5498046875,8048.2998046875,8284.849609375,981200
2016-11-21,8114.2998046875,8122.25,7916.39990234375,8102.10009765625,1048400
2016-11-28,8086.7998046875,8250.7998046875,8066.5,8080.64990234375,956600
2016-12-05,8261.75,8274.9501953125,8056.85009765625,8088.75,703800
2016-12-12,8139.4501953125,8230.650390625,8121.9501953125,8230.650390625,821500
2016-12-19,7985.75,8132.5,7942.0498046875,8126.0,605800
2016-12-26,8185.7998046875,8197.0,7893.7998046875,7965.10009765625,658500
2017-01-02,8243.7998046875,8306.849609375,8133.7998046875,8210.099609375,676500
2017-01-09,8400.349609375,8461.0498046875,8227.75,8259.349609375,786400
2017-01-16,8349.349609375,8460.2998046875,8340.9501953125,8390.9501953125,778400
2017-01-23,8641.25,8672.7001953125,8327.2001953125,8329.599609375,942100
2017-01-30,8740.9501953125,8757.599609375,8537.5,8635.5498046875,1627900
2017-02-06,8793.5498046875,8822.099609375,8715.0,8785.4501953125,1052800
2017-02-13,8821.7001953125,8896.4501953125,8712.849609375,8819.7998046875,1092200
2017-02-20,8939.5,8982.150390625,8809.7998046875,8818.5498046875,967800
2017-02-27,8897.5498046875,8992.5,8860.099609375,8943.7001953125,1110800
2017-03-06,8934.5498046875,8977.849609375,8891.9501953125,8915.099609375,850200
2017-03-13,9160.0498046875,9218.400390625,9060.5,9091.650390625,1006200
2017-03-20,9108.0,9167.599609375,9019.2998046875,9166.9501953125,1207600
2017-03-27,9173.75,9191.7001953125,9024.650390625,9093.4501953125,1143700
2017-04-03,9198.2998046875,9273.900390625,9188.099609375,9220.599609375,700000
2017-04-10,9150.7998046875,9246.400390625,9144.9501953125,9225.599609375,664200
2017-04-17,9119.400390625,9217.900390625,9075.150390625,9144.75,673400
2017-04-24,9304.0498046875,9367.150390625,9130.5498046875,9135.349609375,893700
2017-05-01,9285.2998046875,9377.099609375,9269.900390625,9339.849609375,814700
2017-05-08,9400.900390625,9450.650390625,9297.9501953125,9311.4501953125,784700
2017-05-15,9427.900390625,9532.599609375,9390.75,9433.5498046875,958200
2017-05-22,9595.099609375,9604.900390625,9341.650390625,9480.25,1141000
2017-05-29,9653.5,9673.5,9547.7001953125,9560.0498046875,1181500
2017-06-05,9668.25,9709.2998046875,9608.150390625,9656.2998046875,748700
2017-06-12,9588.0498046875,9654.150390625,9560.7998046875,9646.7001953125,837200
2017-06-19,9574.9501953125,9698.849609375,9565.2998046875,9626.400390625,819200
2017-06-26,9520.900390625,9615.400390625,9448.75,9594.0498046875,814600
2017-07-03,9665.7998046875,9700.7001953125,9543.5498046875,9587.9501953125,747800
2017-07-10,9886.349609375,9913.2998046875,9646.4501953125,9719.2998046875,703600
2017-07-17,9915.25,9928.2001953125,9792.0498046875,9908.150390625,1006200
2017-07-24,10014.5,10114.849609375,9919.599609375,9936.7998046875,1037100
2017-07-31,10066.400390625,10137.849609375,9988.349609375,10034.7001953125,954800
2017-08-07,9710.7998046875,10088.099609375,9685.5498046875,10074.7998046875,1031300
2017-08-14,9837.400390625,9947.7998046875,9752.099609375,9755.75,859000
2017-08-21,9857.0498046875,9884.349609375,9740.099609375,9864.25,742200
2017-08-28,9974.400390625,9983.4501953125,9783.75,9907.150390625,976200
2017-09-04,9934.7998046875,9988.400390625,9861.0,9984.150390625,789600
2017-09-11,10085.400390625,10131.9501953125,9968.7998046875,9971.75,1062800
2017-09-18,9964.400390625,10178.9501953125,9952.7998046875,10133.099609375,961400
2017-09-25,9788.599609375,9960.5,9687.5498046875,9960.099609375,1193700
2017-10-02,9979.7001953125,9989.349609375,9831.0498046875,9893.2998046875,662600
2017-10-09,10167.4501953125,10191.900390625,9955.7998046875,9988.2001953125,913200
2017-10-16,10146.5498046875,10251.849609375,10123.349609375,10207.400390625,683100
2017-10-23,10323.0498046875,10366.150390625,10124.5,10176.650390625,1771900
2017-10-30,10452.5,10461.7001953125,10323.9501953125,10353.849609375,1131200
2017-11-06,10321.75,10490.4501953125,10254.099609375,10431.75,1274600
2017-11-13,10283.599609375,10343.599609375,10094.0,10322.0,1108600
2017-11-20,10389.7001953125,10404.5,10261.5,10287.2001953125,773100
2017-11-27,10121.7998046875,10409.5498046875,10108.5498046875,10361.0498046875,976300
2017-12-04,10265.650390625,10270.849609375,10033.349609375,10175.0498046875,836400
2017-12-11,10333.25,10373.099609375,10141.5498046875,10310.5,913500
2017-12-18,10493.0,10501.099609375,10074.7998046875,10263.099609375,865400
2017-12-25,10530.7001953125,10552.400390625,10460.4501953125,10512.2998046875,745700
2018-01-01,10558.849609375,10566.099609375,10404.650390625,10477.5498046875,676500
2018-01-08,10681.25,10690.400390625,10588.5498046875,10591.7001953125,879400
2018-01-15,10894.7001953125,10906.849609375,10666.75,10718.5,1159200
2018-01-22,11069.650390625,11110.099609375,10881.400390625,10883.2001953125,1129900
2018-01-29,10760.599609375,11171.5498046875,10736.099609375,11079.349609375,1304500
2018-02-05,10454.9501953125,10702.75,10276.2998046875,10604.2998046875,1180800
2018-02-12,10452.2998046875,10618.099609375,10434.0498046875,10518.2001953125,841500
2018-02-19,10491.0498046875,10499.099609375,10302.75,10488.900390625,1133300
2018-02-26,10458.349609375,10631.650390625,10447.150390625,10526.5498046875,821400
2018-03-05,10226.849609375,10441.349609375,10141.5498046875,10428.2998046875,1079300
2018-03-12,10195.150390625,10478.599609375,10180.25,10301.599609375,1166900
2018-03-19,9998.0498046875,10227.2998046875,9951.900390625,10215.349609375,1134200
2018-03-26,10113.7001953125,10207.900390625,9958.5498046875,9989.150390625,832700
2018-04-02,10331.599609375,10350.4501953125,10111.2998046875,10151.650390625,1098800
2018-04-09,10480.599609375,10519.900390625,10328.5,10333.7001953125,1175400
2018-04-16,10564.0498046875,10594.2001953125,10396.349609375,10398.2998046875,1113700
2018-04-23,10692.2998046875,10719.7998046875,10514.9501953125,10592.7998046875,937700
2018-04-30,10618.25,10784.650390625,10601.599609375,10705.75,775200
2018-05-07,10806.5,10812.0498046875,10635.650390625,10653.150390625,1048800
2018-05-14,10596.400390625,10929.2001953125,10589.099609375,10815.150390625,1093900
2018-05-21,10605.150390625,10628.0498046875,10417.7998046875,10616.7001953125,1091000
2018-05-28,10696.2001953125,10764.75,10558.4501953125,10648.349609375,1528000
2018-06-04,10767.650390625,10818.0,10550.900390625,10765.9501953125,991700
2018-06-11,10817.7001953125,10893.25,10755.400390625,10781.849609375,1112800
2018-06-18,10821.849609375,10837.0,10701.2001953125,10830.2001953125,1068000
2018-06-25,10714.2998046875,10831.0498046875,10557.7001953125,10822.900390625,1290700
2018-07-02,10772.650390625,10816.349609375,10604.650390625,10732.349609375,891900
2018-07-09,11018.900390625,11078.2998046875,10807.150390625,10838.2998046875,851200
2018-07-16,11010.2001953125,11076.2001953125,10925.599609375,11018.9501953125,1049300
2018-07-23,11278.349609375,11283.400390625,11010.9501953125,11019.849609375,1320800
2018-07-30,11360.7998046875,11390.5498046875,11234.9501953125,11296.650390625,1233300
2018-08-06,11429.5,11495.2001953125,11359.7001953125,11401.5,942800
2018-08-13,11470.75,11486.4501953125,11340.2998046875,11369.599609375,1004800
2018-08-20,11557.099609375,11620.7001953125,11499.650390625,11502.099609375,924100
2018-08-27,11680.5,11760.2001953125,11595.599609375,11605.849609375,1353300
2018-09-03,11589.099609375,11751.7998046875,11393.849609375,11751.7998046875,1279100
2018-09-10,11515.2001953125,11573.0,11250.2001953125,11570.25,831500
2018-09-17,11143.099609375,11464.9501953125,10866.4501953125,11464.9501953125,1411900
2018-09-24,10930.4501953125,11170.150390625,10850.2998046875,11164.400390625,1629300
2018-10-01,10316.4501953125,11035.650390625,10261.900390625,10930.900390625,1805300
2018-10-08,10472.5,10492.4501953125,10138.599609375,10310.150390625,1713700
2018-10-15,10303.5498046875,10710.150390625,10249.599609375,10524.2001953125,1167000
2018-10-22,10030.0,10408.5498046875,10004.5498046875,10405.849609375,1315600
2018-10-29,10553.0,10606.9501953125,10020.349609375,10078.099609375,1798900
2018-11-05,10585.2001953125,10619.5498046875,10477.0,10558.75,629700
2018-11-12,10682.2001953125,10695.150390625,10440.5498046875,10607.7998046875,1241600
2018-11-19,10526.75,10774.7001953125,10512.0,10731.25,1107700
2018-11-26,10876.75,10922.4501953125,10489.75,10568.2998046875,1569700
2018-12-03,10693.7001953125,10941.2001953125,10588.25,10930.7001953125,1688400
2018-12-10,10805.4501953125,10838.599609375,10333.849609375,10508.7001953125,1883600
2018-12-17,10754.0,10985.150390625,10738.650390625,10853.2001953125,1591500
2018-12-24,10859.900390625,10893.599609375,10534.5498046875,10780.900390625,1188700
2018-12-31,10727.349609375,10923.5498046875,10628.650390625,10913.2001953125,1073400
2019-01-07,10794.9501953125,10870.400390625,10733.25,10804.849609375,1395300
2019-01-14,10906.9501953125,10930.650390625,10692.349609375,10807.0,1481500
2019-01-21,10780.5498046875,10987.4501953125,10756.4501953125,10919.349609375,1713000
2019-01-28,10893.650390625,10983.4501953125,10583.650390625,10792.4501953125,2273800
2019-02-04,10943.599609375,11118.099609375,10814.150390625,10876.75,1501200
2019-02-11,10724.400390625,10930.900390625,10620.400390625,10930.900390625,2049200
2019-02-18,10791.650390625,10808.849609375,10585.650390625,10738.650390625,1602500
2019-02-25,10863.5,10939.7001953125,10729.2998046875,10813.25,2134700
2019-03-04,11035.400390625,11089.0498046875,10817.0,10864.849609375,1393600
2019-03-11,11426.849609375,11487.0,11059.849609375,11068.75,1884700
2019-03-18,11456.900390625,11572.7998046875,11412.5,11473.849609375,1398900
2019-03-25,11623.900390625,11630.349609375,11311.599609375,11395.650390625,1871500
2019-04-01,11665.9501953125,11761.0,11559.2001953125,11665.2001953125,1747200
2019-04-08,11643.4501953125,11710.2998046875,11549.099609375,11704.349609375,1447100
2019-04-15,11752.7998046875,11856.150390625,11648.25,11667.0,984000
2019-04-22,11754.650390625,11796.75,11564.7998046875,11727.0498046875,1806000
2019-04-29,11712.25,11789.2998046875,11655.900390625,11748.75,1218400
2019-05-06,11278.900390625,11657.0498046875,11251.0498046875,11605.7998046875,1769600
2019-05-13,11407.150390625,11426.150390625,11108.2998046875,11258.7001953125,1932700
2019-05-20,11844.099609375,12041.150390625,11591.7001953125,11651.900390625,2132600
2019-05-27,11922.7998046875,12039.25,11812.400390625,11855.5,2124900
2019-06-03,11870.650390625,12103.0498046875,11769.5,11953.75,1322200
2019-06-10,11823.2998046875,12000.349609375,11797.7001953125,11934.900390625,1757400
2019-06-17,11724.099609375,11844.0498046875,11625.099609375,11844.0,2018300
2019-06-24,11788.849609375,11911.150390625,11651.0,11725.7998046875,1690100
2019-07-01,11811.150390625,11981.75,11797.900390625,11839.900390625,1846400
2019-07-08,11552.5,11771.900390625,11461.0,11770.400390625,1920800
2019-07-15,11419.25,11706.650390625,11399.2998046875,11614.75,2258100
2019-07-22,11284.2998046875,11398.150390625,11210.0498046875,11392.849609375,2464500
2019-07-29,10997.349609375,11310.9501953125,10848.9501953125,11307.5,2546000
2019-08-05,11109.650390625,11181.4501953125,10782.599609375,10895.7998046875,2593600
2019-08-12,11047.7998046875,11145.900390625,10901.599609375,11139.400390625,1607000
2019-08-19,10829.349609375,11146.900390625,10637.150390625,11094.7998046875,2707400
2019-08-26,11023.25,11141.75,10756.5498046875,11000.2998046875,3197800
2019-09-02,10946.2001953125,10967.5,10746.349609375,10960.9501953125,2084700
2019-09-09,11075.900390625,11084.4501953125,10889.7998046875,10936.7001953125,2275300
2019-09-16,11274.2001953125,11381.900390625,10670.25,10994.849609375,3435100
2019-09-23,11512.400390625,11694.849609375,11416.099609375,11542.7001953125,3658100
2019-09-30,11174.75,11554.2001953125,11158.349609375,11491.150390625,4008200
2019-10-07,11305.0498046875,11362.900390625,11090.150390625,11196.2001953125,2774100
2019-10-14,11661.849609375,11684.7001953125,11290.0498046875,11335.900390625,3299500
2019-10-21,11583.900390625,11714.349609375,11490.75,11657.150390625,3044300
2019-10-28,11890.599609375,11945.0,11627.349609375,11643.9501953125,3947000
2019-11-04,11908.150390625,12034.150390625,11850.25,11928.900390625,3410800
2019-11-11,11895.4501953125,11973.650390625,11802.650390625,11879.2001953125,2347700
2019-11-18,11914.400390625,12038.599609375,11867.599609375,11915.150390625,2819500
2019-11-25,12056.0498046875,12158.7998046875,11919.75,11922.4501953125,3744700
2019-12-02,11921.5,12137.150390625,11888.849609375,12137.0498046875,3245300
2019-12-09,12086.7001953125,12098.849609375,11832.2998046875,11939.099609375,3597300
2019-12-16,12271.7998046875,12293.900390625,12046.2998046875,12131.349609375,2890000
2019-12-23,12245.7998046875,12287.150390625,12118.849609375,12235.4501953125,1979200
2019-12-30,12226.650390625,12289.900390625,12151.7998046875,12274.900390625,1978600
2020-01-06,12256.7998046875,12311.2001953125,11929.599609375,12170.599609375,2428400
2020-01-13,12352.349609375,12389.0498046875,12278.75,12296.7001953125,2699500
2020-01-20,12248.25,12430.5,12087.900390625,12430.5,1953400
2020-01-27,11962.099609375,12216.599609375,11945.849609375,12197.099609375,2743500
2020-02-03,12098.349609375,12160.599609375,11614.5,11627.4501953125,3026800
2020-02-10,12113.4501953125,12246.7001953125,11990.75,12102.349609375,2540400
2020-02-17,12080.849609375,12159.599609375,11908.0498046875,12131.7998046875,1693100
2020-02-24,11201.75,12012.5498046875,11175.0498046875,12012.5498046875,2937900
2020-03-02,10989.4501953125,11433.0,10827.400390625,11387.349609375,5338500
2020-03-09,9955.2001953125,10751.5498046875,8555.150390625,10742.0498046875,5515500
2020-03-16,8745.4501953125,9602.2001953125,7832.5498046875,9587.7998046875,5347100
2020-03-23,8660.25,9038.900390625,7511.10009765625,7945.7001953125,3795900
2020-03-30,8083.7998046875,8678.2998046875,8055.7998046875,8385.9501953125,2509300
2020-04-06,9111.900390625,9131.7001953125,8360.9501953125,8446.2998046875,2452800
2020-04-13,9266.75,9324.0,8821.900390625,9103.9501953125,2926700
2020-04-20,9154.400390625,9390.849609375,8909.400390625,9390.2001953125,3442000
2020-04-27,9859.900390625,9889.0498046875,9250.349609375,9259.7001953125,2711500
2020-05-04,9251.5,9533.5,9116.5,9533.5,3452700
2020-05-11,9136.849609375,9584.5,9043.9501953125,9348.150390625,3535000
2020-05-18,9039.25,9178.5498046875,8806.75,9158.2998046875,3464800
2020-05-25,9580.2998046875,9598.849609375,8996.650390625,9099.75,3223400
2020-06-01,10142.150390625,10177.7998046875,9706.9501953125,9726.849609375,4121300
2020-06-08,9972.900390625,10328.5,9544.349609375,10326.75,3834900
2020-06-15,10244.400390625,10272.400390625,9726.349609375,9919.349609375,3816400
2020-06-22,10383.0,10553.150390625,10194.5,10318.75,3875500
2020-06-29,10607.349609375,10631.2998046875,10223.599609375,10311.9501953125,2826900
2020-07-06,10768.0498046875,10847.849609375,10676.5498046875,10723.849609375,3185300
2020-07-13,10901.7001953125,10933.4501953125,10562.900390625,10851.849609375,3173700
2020-07-20,11194.150390625,11239.7998046875,10953.0,10999.4501953125,3391900
2020-07-27,11073.4501953125,11341.400390625,11026.650390625,11225.0,3193100
2020-08-03,11214.0498046875,11256.7998046875,10882.25,11057.5498046875,3027200
2020-08-10,11178.400390625,11373.599609375,11111.4501953125,11270.25,2895500
2020-08-17,11371.599609375,11460.349609375,11144.5,11248.900390625,3299700
2020-08-24,11647.599609375,11686.0498046875,11410.650390625,11412.0,3441300
2020-08-31,11333.849609375,11794.25,11303.650390625,11777.5498046875,4037500
2020-09-07,11464.4501953125,11493.5,11185.150390625,11359.599609375,3095600
2020-09-14,11504.9501953125,11618.099609375,11383.5498046875,11540.150390625,2441000
2020-09-21,11050.25,11535.25,10790.2001953125,11503.7998046875,3255700
2020-09-28,11416.9501953125,11428.599609375,11099.849609375,11140.849609375,1918100
2020-10-05,11914.2001953125,11938.599609375,11452.2998046875,11487.7998046875,2825300
2020-10-12,11762.4501953125,12025.4501953125,11661.2998046875,11973.5498046875,2714800
2020-10-19,11930.349609375,12018.650390625,11775.75,11879.2001953125,2665900
2020-10-26,11642.400390625,11942.849609375,11535.4501953125,11937.400390625,2948800
2020-11-02,12263.5498046875,12280.400390625,11557.400390625,11697.349609375,3119300
2020-11-09,12719.9501953125,12769.75,12367.349609375,12399.400390625,3417300
2020-11-16,12859.0498046875,12963.0,12730.25,12932.5,2871800
2020-11-23,12968.9501953125,13145.849609375,12790.400390625,12960.2998046875,3596200
2020-11-30,13258.5498046875,13280.0498046875,12962.7998046875,13062.2001953125,2655500
2020-12-07,13513.849609375,13579.349609375,13241.9501953125,13264.849609375,2978600
2020-12-14,13760.5498046875,13773.25,13447.0498046875,13571.4501953125,2453600
2020-12-21,13749.25,13777.5,13131.4501953125,13741.900390625,2313600
2020-12-28,14018.5,14049.849609375,13811.5498046875,13815.150390625,2034400
2021-01-04,14347.25,14367.2998046875,13953.75,14104.349609375,2792500
2021-01-11,14433.7001953125,14653.349609375,14357.849609375,14474.0498046875,3886300
2021-01-18,14371.900390625,14753.5498046875,14222.7998046875,14453.2998046875,3412600
2021-01-25,13634.599609375,14491.099609375,13596.75,14477.7998046875,2670400
2021-02-01,14924.25,15014.650390625,13661.75,13758.599609375,4475300
2021-02-08,15163.2998046875,15257.099609375,14977.2001953125,15064.2998046875,3081200
2021-02-15,14981.75,15431.75,14898.2001953125,15270.2998046875,3092100
2021-02-22,14529.150390625,15176.5,14467.75,14999.0498046875,3665300
2021-03-01,14938.099609375,15273.150390625,14638.5498046875,14702.5,2848800
2021-03-08,15030.9501953125,15336.2998046875,14919.900390625,15002.4501953125,1573100
2021-03-15,14744.0,15051.599609375,14350.099609375,15048.400390625,1929100
2021-03-22,14507.2998046875,14878.599609375,14264.400390625,14736.2998046875,2477400
2021-03-29,14867.349609375,14883.2001953125,14617.599609375,14628.5,1503400
2021-04-05,14834.849609375,14984.150390625,14459.5,14837.7001953125,2003900
2021-04-12,14617.849609375,14697.7001953125,14248.7001953125,14644.650390625,2400500
2021-04-19,14341.349609375,14526.9501953125,14151.400390625,14306.599609375,2002400
2021-04-26,14631.099609375,15044.349609375,14421.2998046875,14449.4501953125,2492900
2021-05-03,14823.150390625,14863.0498046875,14416.25,14481.0498046875,2364000
2021-05-10,14677.7998046875,14966.900390625,14591.900390625,14928.25,2433900
2021-05-17,15175.2998046875,15190.0,14725.349609375,14756.25,2752600
2021-05-24,15435.650390625,15469.650390625,15145.4501953125,15211.349609375,1873400
2021-05-31,15670.25,15733.599609375,15374.0,15437.75,2098600
2021-06-07,15799.349609375,15835.5498046875,15566.900390625,15725.099609375,1891400
2021-06-14,15683.349609375,15901.599609375,15450.900390625,15791.400390625,2054800
2021-06-21,15860.349609375,15895.75,15505.650390625,15525.849609375,1592500
2021-06-28,15722.2001953125,15915.650390625,15635.9501953125,15915.349609375,1357500
2021-07-05,15689.7998046875,15914.2001953125,15632.75,15793.400390625,1478800
2021-07-12,15923.400390625,15962.25,15644.75,15766.7998046875,1024200
2021-07-19,15856.0498046875,15899.7998046875,15578.5498046875,15754.5,1075800
2021-07-26,15763.0498046875,15893.349609375,15513.4501953125,15849.2998046875,1698300
2021-08-02,16238.2001953125,16349.4501953125,15834.650390625,15874.900390625,1751700
2021-08-09,16529.099609375,16543.599609375,16162.5498046875,16281.349609375,1408500
2021-08-16,16450.5,16701.849609375,16376.0498046875,16518.400390625,1154000
2021-08-23,16705.19921875,16722.05078125,16395.69921875,16592.25,1287800
2021-08-30,17323.599609375,17340.099609375,16764.849609375,16775.849609375,1553600
2021-09-06,17369.25,17436.5,17254.19921875,17399.349609375,965600
2021-09-13,17585.150390625,17792.94921875,17269.150390625,17363.55078125,1871300
2021-09-20,17853.19921875,17947.650390625,17326.099609375,17443.849609375,1678500
2021-09-27,17532.05078125,17943.5,17452.900390625,17932.19921875,1940300
2021-10-04,17895.19921875,17941.849609375,17581.349609375,17615.55078125,1862600
2021-10-11,18338.55078125,18350.75,17839.099609375,17867.55078125,1776800
2021-10-18,18114.900390625,18604.44921875,18034.349609375,18500.099609375,1900000
2021-10-25,17671.650390625,18342.05078125,17613.099609375,18229.5,1806000
2021-11-01,17916.80078125,18012.25,17697.099609375,17783.150390625,957100
2021-11-08,18102.75,18123.0,17798.19921875,18040.19921875,1351700
2021-11-15,17764.80078125,18210.150390625,17688.5,18140.94921875,1121900
2021-11-22,17026.44921875,17805.25,16985.69921875,17796.25,1575500
2021-11-29,17196.69921875,17489.80078125,16782.400390625,17055.80078125,1714800
2021-12-06,17511.30078125,17543.25,16891.69921875,17209.05078125,1185300
2021-12-13,16985.19921875,17639.5,16966.44921875,17619.099609375,1316700
2021-12-20,17003.75,17155.599609375,16410.19921875,16824.25,1159100
2021-12-27,17354.05078125,17400.80078125,16833.19921875,16937.75,970300
2022-01-03,17812.69921875,17944.69921875,17383.30078125,17387.150390625,1175200
2022-01-10,18255.75,18286.94921875,17879.150390625,17913.30078125,1230800
2022-01-17,17617.150390625,18350.94921875,17485.849609375,18235.650390625,1306600
2022-01-24,17101.94921875,17599.400390625,16836.80078125,17575.150390625,1401200
2022-01-31,17516.30078125,17794.599609375,17244.55078125,17301.05078125,1467300
2022-02-07,17374.75,17639.44921875,17043.650390625,17456.30078125,1296600
2022-02-14,17276.30078125,17490.599609375,16809.650390625,17076.150390625,1270400
2022-02-21,16658.400390625,17351.05078125,16203.25,17192.25,1503300
2022-02-28,16245.349609375,16815.900390625,16133.7998046875,16481.599609375,1820100
2022-03-07,16630.44921875,16757.30078125,15671.4501953125,15867.9501953125,2421300
2022-03-14,17287.05078125,17344.599609375,16555.0,16633.69921875,1404600
2022-03-21,17153.0,17442.400390625,17006.30078125,17329.5,1443300
2022-03-28,17670.44921875,17703.69921875,17003.900390625,17181.849609375,1566200
2022-04-04,17784.349609375,18114.650390625,17600.55078125,17809.099609375,1541000
2022-04-11,17475.650390625,17779.05078125,17442.349609375,17740.900390625,762800
2022-04-18,17171.94921875,17414.69921875,16824.69921875,17183.44921875,1611500
2022-04-25,17102.55078125,17377.650390625,16888.69921875,17009.05078125,1451000
2022-05-02,16411.25,17132.849609375,16340.900390625,16924.44921875,1155100
2022-05-09,15782.150390625,16404.55078125,15735.75,16227.7001953125,1539800
2022-05-16,16266.150390625,16399.80078125,15739.650390625,15845.099609375,1370000
2022-05-23,16352.4501953125,16414.69921875,15903.7001953125,16290.9501953125,1375300
2022-05-30,16584.30078125,16793.849609375,16438.849609375,16527.900390625,1634100
2022-06-06,16201.7998046875,16610.94921875,16172.599609375,16530.69921875,1105600
2022-06-13,15293.5,15886.150390625,15183.400390625,15877.5498046875,1241200
2022-06-20,15699.25,15749.25,15191.099609375,15334.5,1222500
2022-06-27,15752.0498046875,15927.4501953125,15511.0498046875,15926.2001953125,1577800
2022-07-04,16220.599609375,16275.5,15661.7998046875,15710.5,1392600
2022-07-11,16049.2001953125,16248.5498046875,15858.2001953125,16136.150390625,1132200
2022-07-18,16719.44921875,16752.25,16142.2001953125,16151.400390625,1169200
2022-07-25,17158.25,17172.80078125,16438.75,16662.55078125,1417200
2022-08-01,17397.5,17490.69921875,17154.80078125,17243.19921875,1680800
2022-08-08,17698.150390625,17724.650390625,17359.75,17401.5,1184800
2022-08-15,17758.44921875,17992.19921875,17710.75,17797.19921875,822300
2022-08-22,17558.900390625,17726.5,17345.19921875,17682.900390625,1332000
2022-08-29,17539.44921875,17777.650390625,17166.19921875,17188.650390625,1134400
2022-09-05,17833.349609375,17925.94921875,17484.30078125,17546.44921875,1385700
2022-09-12,17530.849609375,18096.150390625,17497.25,17890.849609375,1612100
2022-09-19,17327.349609375,17919.30078125,17291.650390625,17540.650390625,1441800
2022-09-26,17094.349609375,17196.400390625,16747.69921875,17156.30078125,1891900
2022-10-03,17314.650390625,17428.80078125,16855.55078125,17102.099609375,986200
2022-10-10,17185.69921875,17348.55078125,16950.30078125,17094.349609375,1266000
2022-10-17,17576.30078125,17670.150390625,17098.55078125,17144.80078125,1189500
2022-10-24,17786.80078125,17838.900390625,17637.0,17736.349609375,871000
2022-10-31,18117.150390625,18178.75,17899.900390625,17910.19921875,1328900
2022-11-07,18349.69921875,18362.30078125,17969.400390625,18211.75,1257000
2022-11-14,18307.650390625,18442.150390625,18209.80078125,18376.400390625,1170900
2022-11-21,18512.75,18534.900390625,18133.349609375,18246.400390625,980200
2022-11-28,18696.099609375,18887.599609375,18365.599609375,18430.55078125,1326800
2022-12-05,18496.599609375,18728.599609375,18410.099609375,18719.55078125,1125300
2022-12-12,18269.0,18696.099609375,18255.150390625,18402.150390625,1050300
2022-12-19,17806.80078125,18473.349609375,17779.5,18288.099609375,928600
2022-12-26,18105.30078125,18265.25,17774.25,17830.400390625,1058000
2023-01-02,17859.44921875,18251.94921875,17795.55078125,18131.69921875,1208100
2023-01-09,17956.599609375,18141.400390625,17761.650390625,17952.55078125,1284900
2023-01-16,18027.650390625,18183.75,17853.650390625,18033.150390625,1156100
2023-01-23,17604.349609375,18201.25,17493.55078125,18118.44921875,1152900
2023-01-30,17854.05078125,17972.19921875,17353.400390625,17541.94921875,2257800
2023-02-06,17856.5,17916.900390625,17652.55078125,17818.55078125,1420800
2023-02-13,17944.19921875,18134.75,17719.75,17859.099609375,1143400
2023-02-20,17465.80078125,18004.349609375,17421.80078125,17965.55078125,1027000
2023-02-27,17594.349609375,17644.75,17255.19921875,17428.599609375,1607100
2023-03-06,17412.900390625,17799.94921875,17324.349609375,17680.349609375,1128100
2023-03-13,17100.05078125,17529.900390625,16850.150390625,17421.900390625,1551600
2023-03-20,16945.05078125,17207.25,16828.349609375,17066.599609375,935700
2023-03-27,17359.75,17381.599609375,16913.75,16984.30078125,1067000
2023-04-03,17599.150390625,17638.69921875,17312.75,17427.94921875,721200
2023-04-10,17828.0,17842.150390625,17597.94921875,17634.900390625,1077700
2023-04-17,17624.05078125,17863.0,17553.94921875,17863.0,1343100
2023-04-24,18065.0,18089.150390625,17612.5,17707.55078125,1317800
2023-05-01,18069.0,18267.44921875,18042.400390625,18124.80078125,957700
2023-05-08,18314.80078125,18389.69921875,18100.30078125,18120.599609375,1184900
2023-05-15,18203.400390625,18458.900390625,18060.400390625,18339.30078125,1198500
2023-05-22,18499.349609375,18508.55078125,18178.849609375,18201.099609375,1200200
2023-05-29,18534.099609375,18662.44921875,18464.55078125,18619.150390625,1732700
2023-06-05,18563.400390625,18777.900390625,18531.599609375,18612.0,1245300
2023-06-12,18826.0,18864.69921875,18559.75,18595.05078125,1209900
2023-06-19,18665.5,18886.599609375,18647.099609375,18873.30078125,1112200
2023-06-26,19189.05078125,19201.69921875,18646.69921875,18682.349609375,1040500
2023-07-03,19331.80078125,19523.599609375,19234.400390625,19246.5,1182800
2023-07-10,19564.5,19595.349609375,19327.099609375,19400.349609375,1449000
2023-07-17,19745.0,19991.849609375,19562.94921875,19612.150390625,1402000
2023-07-24,19646.05078125,19867.55078125,19563.099609375,19748.44921875,1473600
2023-07-31,19517.0,19795.599609375,19296.44921875,19666.349609375,1480300
2023-08-07,19428.30078125,19645.5,19412.75,19576.849609375,1291100
2023-08-14,19310.150390625,19482.75,19253.599609375,19383.94921875,768700
2023-08-21,19265.80078125,19584.44921875,19229.69921875,19320.650390625,1431300
2023-08-28,19435.30078125,19458.55078125,19223.650390625,19298.349609375,1684200
2023-09-04,19819.94921875,19867.150390625,19432.849609375,19525.05078125,1434200
2023-09-11,20192.349609375,20222.44921875,19865.349609375,19890.0,1541600
2023-09-18,19674.25,20195.349609375,19657.5,20155.94921875,1164500
2023-09-25,19638.30078125,19766.650390625,19492.099609375,19678.19921875,1193200
2023-10-02,19653.5,19675.75,19333.599609375,19622.400390625,892800
2023-10-09,19751.05078125,19843.30078125,19480.5,19539.44921875,1068300
2023-10-16,19542.650390625,19849.75,19512.349609375,19737.25,994300
2023-10-23,19047.25,19556.849609375,18837.849609375,19521.599609375,906900
2023-10-30,19230.599609375,19276.25,18940.0,19053.400390625,1015300
2023-11-06,19425.349609375,19464.400390625,19309.69921875,19345.849609375,935000
2023-11-13,19731.80078125,19875.25,19414.75,19486.75,1000300
2023-11-20,19794.69921875,19875.150390625,19670.5,19731.150390625,869200
2023-11-27,20267.900390625,20291.55078125,19800.0,19844.650390625,1218200
2023-12-04,20969.400390625,21006.099609375,20507.75,20601.94921875,1728700
2023-12-11,21456.650390625,21492.30078125,20769.5,20965.30078125,1561300
2023-12-18,21349.400390625,21593.0,20976.80078125,21434.80078125,1425600
2023-12-25,21731.400390625,21801.44921875,21329.44921875,21365.19921875,1140000
2024-01-01,21710.80078125,21834.349609375,21500.349609375,21727.75,1378100
2024-01-08,21894.55078125,21928.25,21448.650390625,21747.599609375,1184300
2024-01-15,21622.400390625,22124.150390625,21285.55078125,22053.150390625,1824300
2024-01-22,21352.599609375,21750.25,21137.19921875,21716.69921875,1275300
2024-01-29,21853.80078125,22126.80078125,21429.599609375,21433.099609375,1937700
2024-02-05,21782.5,22053.30078125,21629.900390625,21921.05078125,1998400
2024-02-12,22040.69921875,22068.650390625,21530.19921875,21800.80078125,1701600
2024-02-19,22212.69921875,22297.5,21875.25,22103.44921875,1229700
2024-02-26,22338.75,22353.30078125,21860.650390625,22169.19921875,1374700
2024-03-04,22493.55078125,22525.650390625,22224.349609375,22403.5,1287200
2024-03-11,22023.349609375,22526.599609375,21905.650390625,22517.5,2158600
2024-03-18,22096.75,22180.69921875,21710.19921875,21990.099609375,1754800
2024-03-25,22326.900390625,22516.0,21947.55078125,21947.900390625,1148000
2024-04-01,22513.69921875,22619.0,22303.80078125,22455.0,1242300
2024-04-08,22519.400390625,22775.69921875,22503.75,22578.349609375,1094000
2024-04-15,22147.0,22427.44921875,21777.650390625,22339.05078125,1492200
2024-04-22,22419.94921875,22625.94921875,22198.150390625,22336.900390625,1551600
2024-04-29,22475.849609375,22794.69921875,22348.05078125,22475.55078125,1537900
2024-05-06,22055.19921875,22588.80078125,21932.400390625,22561.599609375,1492600
2024-05-13,22466.099609375,22502.150390625,21821.05078125,22027.94921875,1351900
2024-05-20,22957.099609375,23026.400390625,22404.55078125,22404.55078125,1269600
2024-05-27,22530.69921875,23110.80078125,22417.0,23038.94921875,1693300
2024-06-03,23290.150390625,23338.69921875,21281.44921875,23337.900390625,3168000
2024-06-10,23465.599609375,23490.400390625,23206.650390625,23319.150390625,1396600
2024-06-17,23501.099609375,23667.099609375,23398.19921875,23570.80078125,1491200
2024-06-24,24010.599609375,24174.0,23350.0,23382.30078125,1695300
2024-07-01,24323.849609375,24401.0,23992.69921875,23992.94921875,549600
2024-07-08,24502.150390625,24592.19921875,24141.80078125,24329.44921875,1441300
2024-07-15,24530.900390625,24854.80078125,24504.44921875,24587.599609375,1283300
2024-07-22,24834.849609375,24861.150390625,24074.19921875,24445.75,1902800
2024-07-29,24717.69921875,25078.30078125,24686.849609375,24943.30078125,1849900
2024-08-05,24367.5,24419.75,23893.69921875,24302.849609375,1643900
2024-08-12,24541.150390625,24563.900390625,24099.69921875,24320.05078125,1094500
2024-08-19,24823.150390625,24867.349609375,24522.94921875,24636.349609375,1166100
2024-08-26,25235.900390625,25268.349609375,24874.69921875,24906.099609375,1646200
2024-09-02,24852.150390625,25333.650390625,24801.30078125,25333.599609375,1222600
2024-09-09,25356.5,25433.349609375,24753.150390625,24823.400390625,1415800
2024-09-16,25790.94921875,25849.25,25285.55078125,25406.650390625,1448000
2024-09-23,26178.94921875,26277.349609375,25847.349609375,25872.55078125,1733000
2024-09-30,25014.599609375,26134.69921875,24966.80078125,26061.30078125,1388800
2024-10-07,24964.25,25234.05078125,24694.349609375,25084.099609375,1470000
2024-10-14,24854.05078125,25212.05078125,24567.650390625,25023.44921875,1234100
2024-10-21,24180.80078125,24978.30078125,24073.900390625,24956.150390625,1395400
2024-10-28,24304.349609375,24498.19921875,24134.900390625,24251.099609375,1221600
2024-11-04,24148.19921875,24537.599609375,23816.150390625,24315.75,1547000
2024-11-11,23532.69921875,24336.80078125,23484.150390625,24087.25,1091500
2024-11-18,23907.25,23956.099609375,23263.150390625,23605.30078125,1348700
2024-11-25,24131.099609375,24354.55078125,23873.349609375,24253.55078125,1861700
2024-12-02,24677.80078125,24857.75,24008.650390625,24140.849609375,1496100
2024-12-09,24768.30078125,24792.30078125,24180.80078125,24633.900390625,1272600
2024-12-16,23587.5,24781.25,23537.349609375,24753.400390625,1401600
2024-12-23,23813.400390625,23938.849609375,23647.19921875,23738.19921875,722000
2024-12-30,24004.75,24226.69921875,23460.44921875,23796.900390625,1308900
2025-01-06,23431.5,24089.94921875,23344.349609375,24045.80078125,1337000
2025-01-13,23203.19921875,23391.650390625,23047.25,23195.400390625,1428000
2025-01-20,23092.19921875,23426.30078125,22976.849609375,23290.400390625,1430300
2025-01-27,23482.150390625,23632.44921875,22786.900390625,22940.150390625,1793400
2025-02-03,23559.94921875,23807.30078125,23222.0,23319.349609375,1648500
2025-02-10,22929.25,23568.599609375,22774.849609375,23543.80078125,1302100
2025-02-17,22795.900390625,23049.94921875,22720.30078125,22809.900390625,1108600
2025-02-24,22124.69921875,22668.05078125,22104.849609375,22609.349609375,1305100
2025-03-03,22552.5,22633.80078125,21964.599609375,22194.55078125,1503500
2025-03-10,22397.19921875,22676.75,22314.69921875,22521.849609375,1299000
2025-03-17,23350.400390625,23402.69921875,22353.150390625,22353.150390625,1702400
2025-03-24,23519.349609375,23869.599609375,23412.19921875,23515.400390625,1734400
2025-03-31,22904.44921875,23565.150390625,22857.44921875,23341.099609375,1405300
2025-04-07,22828.55078125,22923.900390625,21743.650390625,21758.400390625,1901400
2025-04-14,23851.650390625,23872.349609375,23207.0,23368.349609375,1242000
2025-04-21,24039.349609375,24365.44921875,23847.849609375,23949.150390625,2008500
2025-04-28,24346.69921875,24589.150390625,24054.05078125,24070.25,1523700
2025-05-05,24008.0,24526.400390625,23935.75,24419.5,1671000
2025-05-12,25019.80078125,25116.25,24378.849609375,24420.099609375,2070700
2025-05-19,24853.150390625,25062.94921875,24462.400390625,25005.349609375,1676600
2025-05-26,24750.69921875,25079.19921875,24677.30078125,24919.349609375,2712200
2025-06-02,25003.05078125,25029.5,24502.150390625,24669.69921875,1665300
2025-06-09,24718.599609375,25222.400390625,24473.0,25160.099609375,1534700
2025-06-16,25112.400390625,25136.19921875,24703.599609375,24732.349609375,1635100
2025-06-23,25637.80078125,25654.19921875,24824.849609375,24939.75,1952200
2025-06-30,25461.0,25669.349609375,25331.650390625,25661.650390625,1328400
2025-07-07,25149.849609375,25548.69921875,25129.0,25450.44921875,1115200
2025-07-14,24968.400390625,25255.30078125,24918.650390625,25149.5,1290000
2025-07-21,24837.0,25246.25,24806.349609375,24999.0,1677200
2025-07-28,24565.349609375,24956.5,24535.05078125,24782.44921875,1400400
2025-08-04,24363.30078125,24736.25,24337.5,24596.05078125,1665500
2025-08-11,24631.30078125,24702.599609375,24347.44921875,24371.5,984300
2025-08-18,24870.099609375,25153.650390625,24852.849609375,24938.19921875,1339200
2025-08-25,24426.849609375,25021.55078125,24404.69921875,24949.150390625,1615600
2025-09-01,24741.0,24980.75,24432.69921875,24432.69921875,1365400
2025-09-08,25114.0,25139.44921875,24751.55078125,24802.599609375,1134500
2025-09-15,25327.05078125,25448.94921875,25048.75,25118.900390625,1347000
2025-09-22,24654.69921875,25331.69921875,24629.44921875,25238.099609375,1432100
2025-09-29,24894.25,24904.80078125,24587.69921875,24728.55078125,1372200
2025-10-06,25285.349609375,25330.75,24881.650390625,24916.55078125,1303400
2025-10-13,25709.849609375,25781.5,25060.55078125,25177.30078125,1611200
2025-10-20,25795.150390625,26104.19921875,25718.19921875,25824.599609375,1076900
2025-10-27,25722.099609375,26097.849609375,25711.19921875,25843.19921875,1575200
2025-11-03,25492.30078125,25803.099609375,25318.44921875,25696.849609375,1005900
2025-11-10,25910.05078125,26010.69921875,25449.25,25503.5,1758000
