Symbol,Series,Date,PrevClose,Open,High,Low,Last,Close,Average,Volume,Turnover,NoOfTrades,Deliverable,DeliveryPercent
LT,EQ,2024-11-18,3526.25,3521.1,3568.3,3510.85,3538.05,3542.15,3539.95,1233217,4365529595.7,119934,786814.0,63.8
LT,EQ,2024-11-19,3542.15,3559.9,3607.0,3495.0,3511.20,3505.9,3561.83,1826460,6505545221.1,138984,1217157.0,66.64
LT,EQ,2024-11-21,3505.90,3530.0,3530.55,3452.45,3490.05,3483.5,3481.48,1510581,5259063798.6,172452,748315.0,49.54
LT,EQ,2024-11-22,3483.50,3500.0,3613.5,3473.1,3605.00,3603.5,3558.59,2534018,9017542904.75,148535,1622199.0,64.02
LT,EQ,2024-11-25,3603.50,3660.0,3761.0,3654.0,3757.00,3753.0,3741.78,4753829,17787793454.4,247339,3083411.0,64.86
LT,EQ,2024-11-26,3753.00,3754.9,3754.9,3690.0,3700.00,3702.6,3712.45,1141534,4237885362.35,104955,611066.0,53.53
LT,EQ,2024-11-27,3702.60,3704.0,3720.0,3685.0,3697.00,3698.7,3701.27,971816,3596957750.15,77237,484837.0,49.89
LT,EQ,2024-11-28,3698.70,3700.0,3720.5,3648.0,3667.00,3666.05,3677.58,2124283,7812227210.7,179728,1286542.0,60.56
LT,EQ,2024-11-29,3666.05,3635.1,3750.0,3635.1,3722.00,3724.8,3722.73,2094305,7796535083.2,143088,1173010.0,56.01
LT,EQ,2024-12-02,3724.80,3706.85,3717.85,3672.9,3716.00,3704.05,3695.08,1158369,4280265838.15,104160,687750.0,59.37
LT,EQ,2024-12-03,3704.05,3721.0,3798.85,3701.5,3773.00,3787.05,3761.27,3252670,12234160548.85,285639,2168186.0,66.66
LT,EQ,2024-12-04,3787.05,3775.0,3835.0,3758.05,3805.00,3789.9,3799.10,2510166,9536368353.35,178083,1514629.0,60.34
LT,EQ,2024-12-05,3789.90,3810.0,3884.0,3760.0,3828.00,3831.55,3824.55,2765170,10575533572.8,211606,1284366.0,46.45
LT,EQ,2024-12-06,3831.55,3832.0,3883.95,3800.0,3861.20,3866.7,3856.47,1856562,7159770118.0,147414,1073408.0,57.82
LT,EQ,2024-12-09,3866.70,3867.5,3959.0,3867.5,3954.75,3947.3,3938.78,3332753,13126969162.15,214643,1938046.0,58.15
LT,EQ,2024-12-10,3947.30,3955.0,3963.5,3901.3,3922.95,3923.15,3927.94,2349493,9228665089.7,131218,1661742.0,70.73
LT,EQ,2024-12-11,3923.15,3923.15,3947.65,3902.0,3913.15,3916.75,3920.30,1237958,4853162175.95,133277,833110.0,67.3
LT,EQ,2024-12-12,3916.75,3930.0,3959.0,3846.95,3863.20,3859.9,3867.89,1899867,7348471534.05,169801,1227602.0,64.62
LT,EQ,2024-12-13,3859.90,3859.0,3898.0,3794.2,3889.25,3887.0,3852.29,2300361,8861656006.6,166323,1002507.0,43.58
LT,EQ,2024-12-16,3887.00,3882.0,3914.4,3857.25,3872.30,3877.85,3877.81,918660,3562389173.3,81821,521166.0,56.73
LT,EQ,2024-12-17,3877.85,3863.05,3875.4,3797.0,3802.95,3807.2,3818.67,1690180,6454242086.4,116461,1127973.0,66.74
LT,EQ,2024-12-18,3807.20,3807.2,3819.0,3745.0,3760.40,3758.15,3763.15,1318341,4961115143.3,120658,784839.0,59.53
LT,EQ,2024-12-19,3758.15,3702.15,3762.2,3700.0,3713.15,3716.35,3724.67,1856838,6916114961.4,142412,1229869.0,66.23
LT,EQ,2024-12-20,3716.35,3716.35,3725.0,3607.1,3629.00,3629.85,3654.85,2796593,10221132562.15,154712,1588176.0,56.79
LT,EQ,2024-12-23,3629.85,3670.0,3700.0,3617.05,3642.90,3640.5,3644.90,1217612,4438075173.95,107539,585248.0,48.07
LT,EQ,2024-12-24,3640.50,3647.95,3679.0,3632.4,3633.00,3639.75,3651.50,627922,2292860072.1,71920,316352.0,50.38
LT,EQ,2024-12-26,3639.75,3658.0,3665.15,3610.35,3632.40,3629.5,3634.04,1124705,4087219624.3,80516,683487.0,60.77
LT,EQ,2024-12-27,3629.50,3632.4,3643.65,3603.5,3610.65,3608.1,3617.13,1309122,4735258789.05,75927,921459.0,70.39
LT,EQ,2024-12-30,3608.10,3607.9,3623.0,3566.0,3590.00,3578.95,3590.43,1591690,5714856382.3,99927,1057495.0,66.44
LT,EQ,2024-12-31,3578.95,3562.55,3620.6,3550.0,3609.95,3607.65,3593.79,1267628,4555587428.95,98165,807113.0,63.67
LT,EQ,2025-01-01,3607.65,3600.0,3689.0,3599.95,3670.10,3667.5,3660.22,1202029,4399695427.05,92010,496316.0,41.29
LT,EQ,2025-01-02,3667.50,3676.6,3724.1,3650.05,3706.80,3713.5,3701.57,1882900,6969687399.55,119634,1173346.0,62.32
LT,EQ,2025-01-03,3713.50,3708.0,3719.9,3651.45,3660.00,3659.9,3679.46,1290107,4746891680.45,104812,669753.0,51.91
LT,EQ,2025-01-06,3659.90,3684.75,3692.25,3585.5,3607.15,3603.2,3626.01,1212012,4394771181.95,131815,665041.0,54.87
LT,EQ,2025-01-07,3603.20,3607.1,3649.85,3595.7,3640.10,3643.3,3623.73,1453540,5267240240.4,110429,830053.0,57.11
LT,EQ,2025-01-08,3643.30,3662.0,3663.85,3590.0,3596.50,3596.35,3612.93,1813201,6550964744.05,147106,1096791.0,60.49
LT,EQ,2025-01-09,3596.35,3599.9,3606.3,3486.0,3535.00,3527.9,3526.53,2921681,10303398615.25,231251,1739651.0,59.54
LT,EQ,2025-01-10,3527.90,3499.95,3552.2,3492.3,3542.00,3536.15,3527.93,1794238,6329954565.2,113478,1161297.0,64.72
LT,EQ,2025-01-13,3536.15,3505.55,3534.5,3448.6,3470.00,3464.3,3492.05,2137212,7463255880.3,134759,1446498.0,67.68
LT,EQ,2025-01-14,3464.30,3465.85,3491.95,3448.6,3465.00,3462.6,3467.21,2924491,10139829760.7,176125,2138494.0,73.12
LT,EQ,2025-01-15,3462.60,3471.3,3526.15,3471.3,3505.70,3501.4,3500.92,1155446,4045128629.7,116492,680328.0,58.88
LT,EQ,2025-01-16,3501.40,3535.0,3543.45,3483.75,3515.00,3507.9,3513.22,2305460,8099590396.0,152224,1331865.0,57.77
LT,EQ,2025-01-17,3507.90,3524.0,3579.85,3511.95,3570.85,3568.65,3555.86,1600246,5690244161.85,126909,948080.0,59.25
LT,EQ,2025-01-20,3568.65,3574.9,3617.15,3556.5,3588.90,3593.0,3585.81,1593334,5713398004.8,117677,984770.0,61.81
LT,EQ,2025-01-21,3593.00,3612.75,3643.3,3528.1,3553.00,3541.1,3581.60,2576596,9228331774.35,177605,1228188.0,47.67
LT,EQ,2025-01-22,3541.10,3563.0,3582.35,3490.1,3520.80,3518.2,3521.51,1626055,5726173067.1,118201,992123.0,61.01
LT,EQ,2025-01-23,3518.20,3492.0,3527.8,3460.6,3504.85,3503.25,3501.30,1993204,6978796103.15,126865,1082618.0,54.32
LT,EQ,2025-01-24,3503.25,3514.5,3521.1,3446.05,3459.80,3458.2,3480.76,1206454,4199371221.4,91930,703021.0,58.27
LT,EQ,2025-01-27,3458.20,3447.2,3493.9,3401.15,3472.90,3457.65,3446.21,1552938,5351754018.2,110592,785618.0,50.59
LT,EQ,2025-01-28,3457.65,3464.95,3482.15,3404.05,3423.45,3413.9,3436.05,1657689,5695903565.45,154969,837092.0,50.5
LT,EQ,2025-01-29,3413.90,3431.0,3455.0,3412.0,3448.90,3449.7,3437.37,1238704,4257884243.7,103001,708307.0,57.18
LT,EQ,2025-01-30,3449.70,3455.0,3517.8,3395.0,3432.50,3420.95,3438.04,2717740,9343690877.75,180276,1401632.0,51.57
LT,EQ,2025-01-31,3420.95,3501.05,3590.0,3481.05,3564.00,3567.4,3555.03,3995513,14204181890.25,217688,1686791.0,42.22
LT,EQ,2025-02-01,3567.40,3578.0,3629.2,3402.0,3458.25,3447.5,3473.36,4752505,16507148387.25,265997,2206095.0,46.42
LT,EQ,2025-02-03,3447.50,3420.0,3420.0,3270.0,3285.95,3289.2,3300.78,6077580,20060746789.85,393333,4171335.0,68.63
LT,EQ,2025-02-04,3289.20,3316.0,3449.0,3307.25,3427.10,3439.15,3410.23,4742516,16173066528.3,305987,2809172.0,59.23
LT,EQ,2025-02-05,3439.15,3444.65,3450.95,3379.45,3386.45,3383.2,3415.32,2670316,9119976072.0,184191,1864522.0,69.82
LT,EQ,2025-02-06,3383.20,3404.0,3404.0,3342.7,3355.90,3352.75,3359.70,2874856,9658666091.1,166262,1895899.0,65.95
LT,EQ,2025-02-07,3352.75,3367.0,3369.95,3311.1,3330.00,3336.9,3340.69,1722789,5755303413.2,137338,1078126.0,62.58
LT,EQ,2025-02-10,3336.90,3347.8,3349.0,3294.05,3324.30,3328.65,3315.61,1236663,4100291228.3,88934,756828.0,61.2
LT,EQ,2025-02-11,3328.65,3360.95,3361.0,3231.0,3247.00,3239.65,3263.98,2593537,8465250358.55,145087,1653752.0,63.76
LT,EQ,2025-02-12,3239.65,3259.0,3300.0,3222.25,3292.00,3289.65,3268.46,1632415,5335487216.0,138219,838565.0,51.37
LT,EQ,2025-02-13,3289.65,3289.65,3314.9,3252.95,3255.00,3263.65,3277.74,2127644,6973855847.1,156667,1225352.0,57.59
LT,EQ,2025-02-14,3263.65,3275.05,3285.8,3221.55,3231.05,3237.65,3246.05,1378340,4474159814.5,125280,868058.0,62.98
LT,EQ,2025-02-17,3237.65,3213.55,3239.4,3194.55,3222.00,3221.85,3217.09,1966689,6327017871.4,142527,1292641.0,65.73
LT,EQ,2025-02-18,3221.85,3227.0,3241.0,3183.0,3220.00,3220.15,3213.88,2428215,7803995072.7,107311,1674200.0,68.95
LT,EQ,2025-02-19,3220.15,3220.15,3302.85,3211.6,3268.95,3275.9,3269.60,1677978,5486325100.05,144994,914338.0,54.49
LT,EQ,2025-02-20,3275.90,3260.05,3285.45,3247.75,3275.55,3275.8,3274.46,1236693,4049500999.0,93085,735617.0,59.48
LT,EQ,2025-02-21,3275.80,3275.8,3324.9,3270.9,3315.50,3315.1,3306.08,1706850,5642987960.8,113093,1024169.0,60.0
LT,EQ,2025-02-24,3315.10,3289.7,3325.5,3250.0,3251.00,3257.7,3289.89,1512844,4977086569.6,162651,940378.0,62.16
LT,EQ,2025-02-25,3257.70,3233.0,3248.95,3206.4,3229.00,3225.9,3227.37,2529084,8162286346.25,133515,1610923.0,63.7
LT,EQ,2025-02-27,3225.90,3238.0,3258.5,3184.0,3210.00,3209.5,3209.83,2572065,8255891425.4,132651,1740649.0,67.68
LT,EQ,2025-02-28,3209.50,3199.8,3199.8,3141.0,3170.00,3163.85,3168.50,2494680,7904404674.55,175923,1577446.0,63.23
LT,EQ,2025-03-03,3163.85,3165.95,3227.0,3160.0,3198.20,3197.3,3195.59,1352460,4321913462.85,132374,752673.0,55.65
LT,EQ,2025-03-04,3197.30,3171.05,3221.0,3167.8,3211.00,3213.0,3203.15,1442098,4619256245.9,93358,930531.0,64.53
LT,EQ,2025-03-05,3213.00,3213.0,3245.0,3187.85,3243.00,3239.65,3226.60,1945855,6278501228.35,134346,1203196.0,61.83
LT,EQ,2025-03-06,3239.65,3250.1,3266.45,3215.0,3258.00,3259.9,3247.81,1854837,6024166642.7,134338,924111.0,49.82
LT,EQ,2025-03-07,3259.90,3259.9,3289.0,3240.1,3246.00,3244.7,3257.65,930240,3030394882.8,96014,533770.0,57.38
LT,EQ,2025-03-10,3244.70,3246.0,3246.3,3169.05,3177.80,3177.7,3201.45,1777752,5691390324.1,106319,1069491.0,60.16
LT,EQ,2025-03-11,3177.70,3170.3,3204.4,3161.1,3203.80,3195.45,3184.34,1274649,4058918929.95,81156,671406.0,52.67
LT,EQ,2025-03-12,3195.45,3205.0,3221.95,3153.05,3190.00,3193.65,3180.42,1360149,4325851450.4,78130,824697.0,60.63
LT,EQ,2025-03-13,3193.65,3202.25,3233.15,3178.05,3189.00,3187.3,3203.74,1414376,4531291301.85,83033,866126.0,61.24
LT,EQ,2025-03-17,3187.30,3190.0,3240.05,3159.0,3175.55,3173.45,3187.76,2805790,8944176882.1,122254,1805739.0,64.36
LT,EQ,2025-03-18,3173.45,3194.0,3278.65,3189.3,3271.00,3270.7,3248.31,2029984,6594015430.45,123494,1205472.0,59.38
LT,EQ,2025-03-19,3270.70,3275.0,3326.6,3268.5,3318.00,3319.55,3307.23,1616312,5345520793.35,88804,1155694.0,71.5
LT,EQ,2025-03-20,3319.55,3335.25,3358.9,3276.9,3352.50,3351.05,3327.53,2434722,8101621701.3,97496,1687515.0,69.31
LT,EQ,2025-03-21,3351.05,3357.0,3455.0,3332.75,3415.05,3415.95,3416.15,3042073,10392174228.35,145340,2062731.0,67.81
LT,EQ,2025-03-24,3415.95,3449.0,3517.0,3446.0,3483.05,3481.85,3483.78,1955564,6812754571.9,115273,1153502.0,58.99
LT,EQ,2025-03-25,3481.85,3505.0,3525.0,3435.35,3452.85,3469.6,3474.74,4235900,14718650807.85,174082,2886969.0,68.15
LT,EQ,2025-03-26,3469.60,3473.0,3496.8,3418.5,3451.00,3444.8,3458.66,2315715,8009267716.35,152200,1380214.0,59.6
LT,EQ,2025-03-27,3444.80,3460.0,3528.0,3451.0,3510.05,3501.6,3505.96,3467864,12158179075.0,171894,2139737.0,61.7
LT,EQ,2025-03-28,3501.60,3509.9,3514.0,3472.55,3488.00,3492.3,3490.61,1348143,4705836932.1,78826,805620.0,59.76
LT,EQ,2025-04-01,3492.30,3480.0,3501.6,3430.0,3438.30,3436.8,3451.17,1935147,6678517222.55,114580,1068906.0,55.24
LT,EQ,2025-04-02,3436.80,3433.0,3457.75,3408.0,3426.00,3419.9,3429.08,1338839,4590982045.3,73369,892450.0,66.66
LT,EQ,2025-04-03,3419.90,3400.0,3463.0,3393.0,3419.00,3420.15,3432.72,1200631,4121427952.2,84197,710175.0,59.15
LT,EQ,2025-04-04,3420.15,3400.0,3403.8,3237.3,3259.00,3260.15,3275.65,2366979,7753393787.4,156827,1446954.0,61.13
LT,EQ,2025-04-07,3260.15,3049.05,3090.6,2965.3,3087.00,3068.5,3047.00,4953864,15094428193.5,422707,2860181.0,57.74
LT,EQ,2025-04-08,3068.50,3124.95,3193.9,3092.7,3164.60,3161.1,3147.02,2877816,9056534927.0,140046,1155284.0,40.14
LT,EQ,2025-04-09,3161.10,3158.8,3158.8,3048.0,3062.00,3054.15,3083.63,4451381,13726393450.75,256046,3393437.0,76.23
LT,EQ,2025-04-11,3054.15,3114.0,3157.0,3100.15,3119.25,3115.95,3123.53,3979116,12428907356.35,132571,2981651.0,74.93
LT,EQ,2025-04-15,3115.95,3180.0,3272.0,3176.1,3259.00,3257.6,3247.57,2161492,7019590562.6,113498,1298477.0,60.07
LT,EQ,2025-04-16,3257.60,3270.0,3276.8,3224.1,3231.40,3227.7,3248.34,1578260,5126724530.2,112383,888042.0,56.27
LT,EQ,2025-04-17,3227.70,3214.1,3249.9,3162.4,3244.90,3247.3,3206.57,3209331,10290935838.2,168832,1769268.0,55.13
LT,EQ,2025-04-21,3247.30,3249.5,3290.0,3225.1,3279.90,3280.5,3273.52,1643003,5378395835.5,101664,913309.0,55.59
LT,EQ,2025-04-22,3280.50,3280.0,3285.0,3248.0,3254.00,3257.8,3266.83,2060322,6730718857.0,100788,1336329.0,64.86
LT,EQ,2025-04-23,3257.80,3275.4,3315.0,3266.7,3296.00,3301.0,3291.24,2381699,7838735592.4,103277,1436616.0,60.32
LT,EQ,2025-04-24,3301.00,3307.0,3307.0,3280.0,3298.20,3300.6,3293.25,1993448,6564919205.1,72609,1296467.0,65.04
LT,EQ,2025-04-25,3300.60,3310.0,3335.7,3230.1,3268.00,3272.1,3272.54,2004819,6560849672.9,133465,1201395.0,59.93
LT,EQ,2025-04-28,3272.10,3260.0,3350.8,3254.8,3325.00,3327.3,3317.89,1689485,5605519110.1,82707,943227.0,55.83
LT,EQ,2025-04-29,3327.30,3335.0,3376.4,3315.0,3321.30,3322.3,3338.97,1843861,6156587711.7,120139,1050758.0,56.99
LT,EQ,2025-04-30,3322.30,3324.0,3355.0,3303.3,3330.00,3341.0,3341.49,1930714,6451459506.3,113823,1314833.0,68.1
LT,EQ,2025-05-02,3341.00,3325.0,3374.9,3321.5,3324.00,3329.8,3347.85,1665574,5576084084.5,84477,923013.0,55.42
LT,EQ,2025-05-05,3329.80,3350.0,3350.0,3300.7,3332.00,3330.2,3324.66,1947332,6474212018.4,107073,1322685.0,67.92
LT,EQ,2025-05-06,3330.20,3346.0,3353.0,3302.8,3332.00,3334.0,3330.50,1695516,5646918314.4,96917,1004059.0,59.22
LT,EQ,2025-05-07,3334.00,3332.0,3339.8,3284.1,3327.00,3321.4,3318.68,2422707,8040179595.2,171780,1580441.0,65.23
LT,EQ,2025-05-08,3321.40,3310.1,3366.0,3299.8,3312.00,3323.9,3337.85,3204333,10695569358.9,129057,1850678.0,57.76
LT,EQ,2025-05-09,3323.90,3331.0,3477.0,3331.0,3451.40,3443.9,3438.60,5637694,19385778797.2,311155,2386081.0,42.32
LT,EQ,2025-05-12,3443.90,3513.0,3602.8,3490.0,3588.00,3587.2,3566.54,3147384,11225276507.4,186489,1919267.0,60.98
LT,EQ,2025-05-13,3587.20,3587.2,3606.0,3545.0,3570.50,3567.0,3571.75,2374439,8480910370.4,168486,1147243.0,48.32
LT,EQ,2025-05-14,3567.00,3587.0,3617.0,3567.0,3576.00,3573.1,3585.42,2440116,8748830534.8,110493,1629530.0,66.78
LT,EQ,2025-05-15,3573.10,3594.0,3648.7,3543.0,3620.00,3618.2,3603.28,3720879,13407382227.4,173281,2019951.0,54.29
LT,EQ,2025-05-16,3618.20,3642.0,3642.0,3600.0,3608.00,3604.7,3609.40,1278520,4614691788.6,79444,781481.0,61.12
LT,EQ,2025-05-19,3604.70,3604.7,3619.9,3587.0,3596.60,3600.2,3601.06,1519244,5470889248.3,94112,1060955.0,69.83
LT,EQ,2025-05-20,3600.20,3630.0,3634.0,3556.0,3575.00,3567.8,3585.64,1532347,5494446090.6,106300,897460.0,58.57
LT,EQ,2025-05-21,3567.80,3565.7,3610.5,3555.0,3587.00,3589.0,3581.09,1563885,5600416305.9,93765,1111692.0,71.09
LT,EQ,2025-05-22,3589.00,3585.0,3592.0,3536.9,3553.40,3551.4,3555.56,1597159,5678796121.9,95436,881106.0,55.17
LT,EQ,2025-05-23,3551.40,3570.0,3631.6,3551.2,3600.00,3599.9,3600.20,1119217,4029409610.2,76094,651561.0,58.22
LT,EQ,2025-05-26,3599.90,3615.8,3672.5,3608.4,3646.00,3648.7,3647.48,1678934,6123879986.1,107922,883972.0,52.65
LT,EQ,2025-05-27,3648.70,3648.7,3665.0,3603.0,3645.00,3640.0,3627.62,2013954,7305863175.1,148792,871579.0,43.28
LT,EQ,2025-05-28,3640.00,3660.0,3663.0,3620.0,3643.00,3646.3,3642.32,1293244,4710411400.6,75956,864463.0,66.84
LT,EQ,2025-05-29,3646.30,3663.9,3668.9,3618.0,3661.90,3655.3,3644.27,1972248,7187402190.4,88440,1294081.0,65.61
LT,EQ,2025-05-30,3655.30,3655.3,3695.3,3654.5,3672.00,3675.1,3673.72,2571304,9446249581.7,126244,1803804.0,70.15
LT,EQ,2025-06-02,3675.10,3675.1,3697.3,3605.6,3669.00,3679.6,3659.90,1954517,7153337054.8,107310,1285591.0,65.78
LT,EQ,2025-06-03,3679.60,3655.0,3669.2,3615.3,3642.30,3644.8,3638.44,2472483,8995968771.6,142790,1259704.0,50.95
LT,EQ,2025-06-04,3644.80,3645.0,3661.7,3615.3,3621.00,3626.5,3633.50,1086783,3948821084.9,67057,693204.0,63.78
LT,EQ,2025-06-05,3626.50,3629.9,3677.4,3612.0,3641.20,3642.6,3647.41,1466416,5348618989.7,116020,793588.0,54.12
LT,EQ,2025-06-06,3642.60,3645.0,3667.0,3623.0,3653.00,3656.3,3653.89,1172711,4284959310.5,83150,619399.0,52.82
LT,EQ,2025-06-09,3656.30,3664.0,3708.9,3662.2,3679.00,3678.9,3684.31,898170,3309135600.3,67640,473515.0,52.72
LT,EQ,2025-06-10,3678.90,3704.0,3704.0,3667.2,3675.00,3679.8,3681.54,1454535,5354923368.6,83562,966119.0,66.42
LT,EQ,2025-06-11,3679.80,3689.9,3692.0,3656.1,3685.00,3684.8,3681.96,1265737,4660392611.8,50574,823638.0,65.07
LT,BL,2025-06-11,3589.20,3683.0,3683.0,3683.0,3683.00,3683.0,3683.00,271666,1000545878.0,1,,
LT,EQ,2025-06-12,3684.80,3684.8,3708.0,3585.0,3598.60,3603.9,3627.63,2335718,8473130704.7,126484,1189468.0,50.93
LT,EQ,2025-06-13,3603.90,3501.2,3596.0,3485.9,3586.20,3587.4,3562.24,1981445,7058392168.3,109875,1104375.0,55.74
LT,EQ,2025-06-16,3587.40,3575.5,3653.7,3561.8,3627.00,3628.7,3631.62,1322630,4803294516.5,84025,744455.0,56.29
LT,EQ,2025-06-17,3628.70,3622.0,3627.6,3602.0,3620.00,3622.3,3615.69,930603,3364773433.5,73746,551840.0,59.3
LT,EQ,2025-06-18,3622.30,3622.0,3639.1,3587.2,3600.80,3601.5,3605.23,743311,2679808741.3,60898,394465.0,53.07
LT,EQ,2025-06-19,3601.50,3607.0,3643.0,3591.1,3615.60,3621.1,3620.89,1580819,5723970604.3,97791,773255.0,48.91
LT,EQ,2025-06-20,3621.10,3614.0,3669.9,3614.0,3658.00,3662.0,3656.50,2575277,9416501920.0,119108,1863469.0,72.36
LT,EQ,2025-06-23,3662.00,3645.0,3660.0,3574.6,3579.00,3583.7,3598.86,1867977,6722585294.9,135563,1178760.0,63.1
LT,EQ,2025-06-24,3583.70,3637.1,3684.0,3597.0,3612.00,3604.8,3636.16,2751637,10005400885.0,152946,1221697.0,44.4
LT,EQ,2025-06-25,3604.80,3640.0,3642.0,3608.9,3623.90,3619.8,3622.10,1405262,5089995337.4,84597,770681.0,54.84
LT,EQ,2025-06-26,3619.80,3620.1,3669.0,3620.1,3660.30,3659.6,3647.42,2578926,9406435506.4,118158,1523653.0,59.08
LT,EQ,2025-06-27,3659.60,3665.0,3731.4,3665.0,3678.90,3679.2,3695.03,2720600,10052685084.1,132720,1581675.0,58.14
LT,EQ,2025-06-30,3679.20,3682.0,3717.5,3652.7,3671.00,3669.8,3680.80,1508882,5553892750.4,108176,895912.0,59.38
LT,EQ,2025-07-01,3669.80,3669.8,3678.9,3645.0,3665.00,3666.7,3664.57,1054380,3863844558.5,77782,619159.0,58.72
LT,EQ,2025-07-02,3666.70,3666.6,3674.2,3583.9,3593.80,3596.8,3611.63,1330176,4804109982.2,100999,817842.0,61.48
LT,EQ,2025-07-03,3596.80,3605.0,3625.0,3576.0,3581.40,3582.9,3595.20,1229034,4418622664.8,77121,667609.0,54.32
LT,EQ,2025-07-04,3582.90,3590.0,3600.0,3570.1,3595.00,3594.6,3587.51,696402,2498348963.6,61642,356813.0,51.24
LT,EQ,2025-07-07,3594.60,3599.9,3609.8,3575.1,3580.00,3581.4,3587.72,719539,2581506596.8,70912,455711.0,63.33
LT,EQ,2025-07-08,3581.40,3580.0,3614.0,3560.0,3607.00,3606.4,3589.92,1513912,5434829255.1,73277,1008999.0,66.65
LT,EQ,2025-07-09,3606.40,3605.0,3605.1,3568.2,3581.00,3579.7,3580.27,1008876,3612050199.9,73760,613030.0,60.76
LT,EQ,2025-07-10,3579.70,3575.0,3589.9,3569.0,3573.80,3574.7,3578.59,1063910,3807300848.5,59582,786512.0,73.93
LT,EQ,2025-07-11,3574.70,3575.0,3586.6,3535.5,3537.00,3540.6,3550.71,1439747,5112119676.9,126459,986607.0,68.53
LT,BL,2025-07-14,3683.00,3540.6,3540.6,3540.6,3540.60,3540.6,3540.60,248532,879952399.2,1,,
LT,EQ,2025-07-14,3540.60,3540.6,3548.7,3488.0,3493.90,3495.9,3498.73,1358844,4754231386.8,104044,961684.0,70.77
LT,EQ,2025-07-15,3495.90,3519.0,3521.0,3481.7,3495.50,3494.0,3498.33,1585193,5545521828.0,96670,1119154.0,70.6
LT,EQ,2025-07-16,3494.00,3504.0,3516.0,3477.0,3505.10,3503.8,3496.46,1266964,4429884889.6,87927,851819.0,67.23
LT,EQ,2025-07-17,3503.80,3515.0,3515.0,3467.5,3478.60,3474.0,3486.82,2217275,7731237608.8,85889,1605858.0,72.42
LT,EQ,2025-07-18,3474.00,3489.0,3499.0,3450.0,3468.70,3464.8,3462.40,1818696,6297044981.9,101524,1287731.0,70.81
LT,EQ,2025-07-21,3464.80,3467.6,3508.1,3444.9,3503.00,3502.8,3491.55,1521623,5312822362.8,77895,1008566.0,66.28
LT,EQ,2025-07-22,3502.80,3502.0,3507.6,3454.1,3468.00,3464.6,3470.70,2586522,8977037344.0,82376,2168191.0,83.83
LT,EQ,2025-07-23,3464.60,3476.2,3490.0,3458.6,3483.30,3484.9,3470.50,1192261,4137739256.4,59744,923989.0,77.5
LT,EQ,2025-07-24,3484.90,3484.9,3493.4,3461.0,3477.90,3477.5,3472.14,1083671,3762660752.6,55991,776185.0,71.63
LT,EQ,2025-07-25,3477.50,3470.0,3477.0,3437.4,3442.00,3442.9,3454.40,1338744,4624553661.1,75006,914390.0,68.3
LT,EQ,2025-07-28,3442.90,3430.1,3446.1,3405.1,3421.50,3422.2,3424.05,2256080,7724940517.2,87996,1588791.0,70.42
LT,EQ,2025-07-29,3422.20,3418.0,3504.3,3406.5,3488.00,3495.6,3462.01,1241060,4296560618.6,95304,623061.0,50.2
LT,EQ,2025-07-30,3495.60,3622.0,3685.3,3590.0,3659.20,3665.1,3645.37,8760659,31935832700.7,427790,5063512.0,57.8
LT,EQ,2025-07-31,3665.10,3625.0,3662.9,3621.0,3628.50,3636.5,3646.85,1927627,7029771788.9,107576,1047227.0,54.33
LT,EQ,2025-08-01,3636.50,3636.0,3636.0,3578.1,3595.20,3587.3,3602.61,1205945,4344549401.3,83517,735692.0,61.01
LT,EQ,2025-08-04,3587.30,3595.2,3636.8,3577.0,3630.00,3631.1,3621.92,1033049,3741615734.1,110335,695739.0,67.35
LT,EQ,2025-08-05,3631.10,3630.0,3657.7,3608.3,3650.00,3652.6,3637.79,1158433,4214132130.3,89832,735527.0,63.49
LT,EQ,2025-08-06,3652.60,3650.0,3671.0,3622.2,3633.00,3628.4,3637.58,931383,3387981547.8,60406,590877.0,63.44
LT,EQ,2025-08-07,3628.40,3610.3,3649.0,3599.2,3641.80,3641.6,3615.09,1211790,4380734335.5,72219,762885.0,62.96
LT,EQ,2025-08-08,3641.60,3641.6,3662.3,3600.0,3610.00,3607.6,3628.12,1337067,4851043230.0,59130,948514.0,70.94
LT,EQ,2025-08-11,3607.60,3610.0,3676.9,3600.0,3672.00,3668.4,3651.77,1822410,6655022511.2,118763,1212722.0,66.54
LT,EQ,2025-08-12,3668.40,3680.0,3727.9,3673.1,3679.80,3686.1,3699.97,2280103,8436303381.3,139129,1335582.0,58.58
LT,EQ,2025-08-13,3686.10,3696.0,3716.0,3681.3,3692.00,3693.7,3702.13,1227196,4543245201.1,72453,780889.0,63.63
LT,EQ,2025-08-14,3693.70,3700.0,3708.5,3641.7,3672.10,3677.0,3669.60,1769702,6494100710.3,84392,1169250.0,66.07
LT,EQ,2025-08-18,3677.00,3699.0,3701.5,3621.7,3640.00,3635.1,3642.97,1950151,7104345277.1,101347,1222553.0,62.69
LT,EQ,2025-08-19,3635.10,3648.9,3654.0,3608.2,3618.00,3613.0,3626.55,1352944,4906513767.7,73994,911307.0,67.36
LT,EQ,2025-08-20,3613.00,3613.5,3619.9,3580.0,3593.00,3592.3,3594.63,1325096,4763230931.8,88284,781175.0,58.95
LT,EQ,2025-08-21,3592.30,3599.0,3648.0,3588.0,3619.50,3612.6,3619.84,1624009,5878653828.4,142344,861298.0,53.04
LT,EQ,2025-08-22,3612.60,3610.0,3634.5,3582.0,3592.00,3595.8,3602.77,1060447,3820544836.8,95017,658148.0,62.06
LT,EQ,2025-08-25,3595.80,3616.0,3617.9,3584.3,3604.40,3603.1,3597.84,980393,3527298090.5,64094,683916.0,69.76
LT,EQ,2025-08-26,3603.10,3599.0,3600.0,3531.0,3552.00,3541.3,3557.82,1787363,6359111540.5,131444,981688.0,54.92
LT,EQ,2025-08-28,3541.30,3540.0,3576.9,3537.2,3564.10,3560.1,3560.11,1695226,6035189848.2,143098,833469.0,49.17
LT,EQ,2025-08-29,3560.10,3575.6,3615.0,3540.2,3605.00,3601.0,3593.70,1678055,6030431708.5,114553,935775.0,55.77
LT,EQ,2025-09-01,3601.00,3601.0,3628.6,3581.9,3595.00,3598.4,3598.46,1094155,3937270954.1,90441,568797.0,51.99
LT,EQ,2025-09-02,3598.40,3598.4,3619.9,3560.0,3575.00,3574.9,3588.36,1230950,4417089601.1,110116,451242.0,36.66
LT,EQ,2025-09-03,3574.90,3594.0,3606.3,3560.0,3601.00,3600.8,3584.19,1314831,4712600627.2,73413,796758.0,60.6
LT,EQ,2025-09-04,3600.80,3622.9,3624.9,3572.5,3592.60,3592.6,3593.13,1434998,5156132286.2,105262,584243.0,40.71
LT,EQ,2025-09-05,3592.60,3592.8,3609.1,3549.1,3553.70,3553.6,3565.84,830812,2962540547.6,79991,400990.0,48.26
LT,EQ,2025-09-08,3553.60,3570.0,3579.9,3525.0,3532.00,3529.6,3544.50,1039999,3686277127.7,86765,538271.0,51.76
LT,EQ,2025-09-09,3529.60,3547.2,3550.0,3516.4,3527.50,3525.0,3529.28,1522116,5371978298.2,94051,739598.0,48.59
LT,EQ,2025-09-10,3525.00,3559.0,3577.4,3541.1,3556.00,3550.0,3553.11,1136732,4038937830.4,90275,636468.0,55.99
LT,EQ,2025-09-11,3550.00,3548.0,3564.7,3533.0,3542.50,3539.7,3541.53,1177793,4171194610.8,110651,461338.0,39.17
LT,EQ,2025-09-12,3539.70,3556.4,3595.4,3548.1,3579.00,3579.8,3581.99,1146873,4108090597.8,94504,663288.0,57.83
LT,EQ,2025-09-15,3579.80,3581.0,3607.0,3575.5,3588.60,3586.2,3594.53,1177076,4231040710.3,88666,719992.0,61.17
LT,EQ,2025-09-16,3586.20,3603.9,3674.0,3593.1,3670.00,3667.8,3646.40,2928060,10676878746.5,193641,1464986.0,50.03
LT,EQ,2025-09-17,3667.80,3672.0,3704.0,3662.7,3684.60,3685.5,3689.40,1610471,5941671243.9,114979,995772.0,61.83
LT,EQ,2025-09-18,3685.50,3691.0,3700.0,3672.5,3685.00,3686.0,3687.31,1270148,4683428851.1,97311,672138.0,52.92
LT,BL,2025-09-19,3540.60,3681.0,3681.0,3681.0,3681.00,3681.0,3681.00,271223,998371863.0,1,,
LT,EQ,2025-09-19,3686.00,3679.0,3705.0,3671.0,3684.00,3675.4,3681.61,2227521,8200861020.5,109853,1698619.0,76.26
LT,EQ,2025-09-22,3675.40,3693.6,3693.6,3633.9,3645.90,3644.5,3656.59,839430,3069450140.7,58734,480226.0,57.21
LT,EQ,2025-09-23,3644.50,3646.9,3673.5,3613.2,3660.00,3657.6,3649.80,1262120,4606489164.5,80055,506329.0,40.12
LT,EQ,2025-09-24,3657.60,3657.6,3709.2,3637.1,3674.20,3673.8,3683.93,1745130,6428942601.1,104811,896476.0,51.37
LT,EQ,2025-09-25,3673.80,3684.0,3704.0,3635.7,3650.00,3644.4,3661.64,1999071,7319870218.3,120159,1062082.0,53.13
LT,EQ,2025-09-26,3644.40,3664.0,3794.9,3661.0,3743.00,3729.5,3741.34,5870301,21962819514.9,278037,2857571.0,48.68
LT,EQ,2025-09-29,3729.50,3738.0,3740.0,3679.6,3704.30,3688.4,3700.40,2599630,9619661207.1,155433,1483724.0,57.07
LT,EQ,2025-09-30,3688.40,3695.0,3696.6,3648.0,3665.30,3659.0,3662.67,1676302,6139742188.7,147074,1029130.0,61.39
LT,EQ,2025-10-01,3659.00,3658.9,3688.0,3615.0,3685.00,3670.3,3656.15,2005028,7330684925.6,130858,1193741.0,59.54
LT,EQ,2025-10-03,3670.30,3690.0,3746.0,3666.3,3742.90,3733.1,3701.79,1959124,7252260366.0,113550,1261279.0,64.38
LT,EQ,2025-10-06,3733.10,3720.0,3767.0,3703.0,3745.10,3737.0,3742.06,1581506,5918083899.3,109875,936248.0,59.2
LT,BL,2025-10-07,3681.00,3740.0,3740.0,3740.0,3740.00,3740.0,3740.00,72035,269410900.0,1,,
LT,EQ,2025-10-07,3737.00,3748.0,3766.0,3725.0,3730.50,3729.7,3740.08,1673945,6260695648.3,97367,820642.0,49.02
LT,BL,2025-10-08,3740.00,3749.0,3749.0,3749.0,3749.00,3749.0,3749.00,72034,270055466.0,1,,
LT,EQ,2025-10-08,3729.70,3730.0,3760.0,3715.0,3728.00,3729.8,3737.53,1424633,5324607989.3,97577,836552.0,58.72
LT,EQ,2025-10-09,3729.80,3735.5,3796.4,3730.1,3764.10,3769.2,3769.21,1827249,6887282091.0,102873,907664.0,49.67
LT,EQ,2025-10-10,3769.20,3765.0,3799.0,3760.0,3779.00,3784.0,3786.11,1129678,4277079829.5,77989,621407.0,55.01
LT,EQ,2025-10-13,3784.00,3780.0,3784.0,3745.0,3765.50,3769.5,3764.19,1191248,4484088111.6,95051,582524.0,48.9
LT,EQ,2025-10-14,3769.50,3775.0,3786.8,3730.2,3736.00,3744.3,3753.88,1364583,5122480119.4,111937,641852.0,47.04
LT,EQ,2025-10-15,3744.30,3747.0,3843.9,3744.3,3823.60,3828.7,3822.77,2575918,9847145842.8,140670,1650837.0,64.09
LT,EQ,2025-10-16,3828.70,3830.3,3885.9,3830.0,3862.00,3861.8,3862.85,2330283,9001539845.1,188365,1464465.0,62.84
LT,EQ,2025-10-17,3861.80,3860.0,3869.5,3830.1,3838.00,3839.4,3848.44,1337364,5146771465.4,90733,754551.0,56.42
LT,EQ,2025-10-20,3839.40,3862.0,3887.6,3845.4,3872.00,3872.7,3869.95,1223232,4733841332.7,137333,536337.0,43.85
LT,EQ,2025-10-21,3872.70,3892.0,3895.0,3877.2,3887.00,3888.2,3888.65,260327,1012320055.6,20939,156908.0,60.28
LT,EQ,2025-10-23,3888.20,3890.0,3966.2,3890.0,3916.00,3918.7,3935.74,2815778,11082169549.7,195910,1491493.0,52.97
LT,EQ,2025-10-24,3918.70,3929.3,3939.9,3897.5,3905.00,3904.9,3917.19,1146636,4491587430.6,117912,530105.0,46.23
LT,EQ,2025-10-27,3904.90,3912.0,3948.0,3907.0,3921.70,3923.8,3929.55,1057688,4156235571.8,74849,623201.0,58.92
LT,EQ,2025-10-28,3923.80,3922.1,3986.0,3917.3,3981.60,3972.8,3954.06,3391806,13411395778.4,166102,1690854.0,49.85
LT,EQ,2025-10-29,3972.80,3988.0,4016.7,3920.0,3957.30,3958.1,3960.74,2563641,10153914748.7,131435,1287777.0,50.23
LT,EQ,2025-10-30,3958.10,3980.0,4062.6,3975.6,3989.40,3987.5,4018.51,4959400,19929380105.2,314012,2206390.0,44.49
LT,EQ,2025-10-31,3987.50,4001.1,4045.9,3980.2,4028.00,4030.9,4024.92,2328183,9370742553.4,173498,1469636.0,63.12
LT,EQ,2025-11-03,4030.90,4030.0,4041.0,3974.9,3980.90,3980.5,4004.50,1154072,4621486438.2,119302,678636.0,58.8
LT,EQ,2025-11-04,3980.50,3985.0,3990.0,3916.8,3925.00,3924.4,3938.35,2042881,8045586217.1,120854,1193640.0,58.43
LT,EQ,2025-11-06,3924.40,3945.0,3978.0,3872.1,3893.00,3881.6,3905.55,1749063,6831060755.1,199865,831032.0,47.51
LT,EQ,2025-11-07,3881.60,3877.1,3892.9,3831.1,3882.10,3882.5,3866.22,1577294,6098158162.8,88564,982949.0,62.32
LT,EQ,2025-11-10,3882.50,3895.0,3943.8,3894.0,3916.80,3918.5,3926.38,1397176,5485845784.9,112929,804202.0,57.56
LT,EQ,2025-11-11,3918.50,3929.0,3966.8,3897.0,3954.00,3955.0,3943.73,1775462,7001938505.5,91807,923586.0,52.02
LT,EQ,2025-11-12,3955.00,3970.0,3973.8,3936.9,3955.00,3954.6,3952.55,981350,3878837240.1,61125,671317.0,68.41
LT,EQ,2025-11-13,3954.60,3954.6,4022.9,3925.6,4005.00,4002.5,3993.68,1834962,7328246306.3,100532,1197533.0,65.26
LT,EQ,2025-11-14,4002.50,4002.0,4011.5,3971.6,4004.00,4004.4,3994.47,1916910,7657038797.5,108120,1379792.0,71.98
